viral,Preys,CD80_score,CD86 _score,INFalpha _score,INF beta _score,INF g _score,TNFa_score,IL-2_score, IL-10 _score,IL-7 _score, IL-6 _score, IL-1β _score,INF-ɑ_score,MOP-1_score,IP-10 _score,CTLA-4 _score,PD-1 _score,Ki67 _score, IL-5 _score, IL-13 _score,IL-9_score,IL-22_score,HLA-DR  _score,CD64   _score,CD66b _score,CRP_score,ferritin l_score,ferritin h_score,D-dimer_score,ﬁbrinogen _score,LDH a _score,IL6_score,FAS _score,ACE2 _score,ITGAM  cd1b_score,CD14_score,FCGR3Acd16_score,CD68_score,CD163_score,MRC1 cd206_score,PDCD1  PD1_score,IL1B_score,CXCL2 _score,CXCL8 _score,GDF11_score,NOG_score,IL10_score,CXCL10_score,TNFSF10_score,NRG1_score,TIMP1_score,C5_score,IL18_score,AREG_score,CCL4_score,CMTM2_score,IFNG_score,CTSL_score,CTSB_score,DDIT4_score,RRAS_score,CTSD_score,BIRC5_score,CTSZ_score,NTRK1_score,IGFBP3_score,CCNB1_score,RRM2_score,CCNB2_score,GTSE1_score,CDK1_score,STEAP3_score,TP53I3_score,TGFB2_score,CCL3L1_score,CXCL6_score,CCL8_score,SCGB3A1_score,CCL2_score,CXCL1_score,IL33_score,GRN_score,CXCL16_score,IL-8_score,IL-6_score,IL-1β_score,TNF_score,CCL3_score,CCL4 _score,CCL7_score,CXCL9 _score,CXCL10 _score,CXCL11_score
e,6,0.00015506044316930813,0.00012268890894649107,0.00013554780035064917,4.0228040867871047e-05,0.00010918216307898258,0.0008287371459887502,0.00010807384344321846,0.00010614846748695694,0.00010883827245349194,0.00016608597528554593,0.00021593737447868445,0.00013554780035064917,0,0.00015118992920472188,0.0002439596737902608,0.000297481793668583,0.001415298268806918,7.658922196095795e-05,9.521496553858458e-05,0,6.68762112403911e-05,0,0.0002675553460760639,9.480232332580294e-05,0.0003134264261108418,0.0003477642897159776,0.0004375864199948474,0,0,0.000763176953807935,0.00016608597528554593,0.0005344166617251992,0.0003261724817607295,0.000225093634392144,0.00028104441922345547,0.00020270286950378112,0.0002046008597325805,9.997792137032271e-05,5.666295465191418e-05,0.000297481793668583,0.00021593737447868445,0.00013995038691117488,0.00014149439565329234,0.0001586602349332749,9.332762500642656e-05,0.00010614846748695694,0.00015118992920472188,0.00023234031030682767,0.00038688051931271656,0.00020305541291291122,0.00019090426674487208,0.0001384704472837664,0.00021552158050217542,0.00015347762624290915,0.00010108099610439903,0.00010918216307898258,0.0002621952057881291,0.0003907247474412643,0.00020132607052943832,0.0003033406352505266,0.00043917611593215255,0.0004398357444308879,0.00013681959800470814,0.002164528852484533,0.0002591381714188012,0.0006579105612802489,0.0003783725601768013,0.0003629433460044491,0.0005336024457456064,0.0010453874703102077,0.0002927290516342399,0.00016777714969866213,0.00022514431916404826,9.394274444365721e-05,0.0001234819148447228,0.00011861780838529469,9.522190728322608e-05,0.00018978571360090397,0.00011914845047346984,0.00037083386640369043,0.0006067479537142282,0.00019027844863646313,0.00014149439565329234,0.00016608597528554593,0.00021593737447868445,0.0008287371459887502,0.00010156450110378645,0.00015347762624290915,0.00012226100857735454,0.00021235576416038518,0.00015118992920472188,0.00017604696848983522
m,30,0.0009758779247062542,0.0006210513228804588,0.0009396841987523672,0.00021662788705851204,0.0006009489658935612,0.004156297662839962,0.0013704449508461644,0.0006592356408592948,0.0010670076882186577,0.0007957299214882745,0.0011485508748246647,0.0009396841987523672,0,0.0010753771764290428,0.001237649670885916,0.0033936203435577677,0.005404743232665524,0.00037888610943436065,0.0007218411359933321,0,0.00039629816941538163,0,0.0012717275547426206,0.0006679405577349473,0.0016293386686047286,0.0016152041330304713,0.003523685609523185,0,0,0.00621482751009316,0.0007957299214882745,0.0027024741783744062,0.001552072505585254,0.0013692784476312567,0.0011406351246088743,0.0010202745740924496,0.00920956592274032,0.00039255866810043066,0.0003680516025283155,0.0033936203435577677,0.0011485508748246647,0.0009993465033284155,0.0007586756045153036,0.0009295345272972093,0.00046663008457089385,0.0006592356408592948,0.0010753771764290428,0.0013030470890839142,0.002591774711006968,0.0010803364332389654,0.001099407404821749,0.0007084360600275385,0.0009464668300967509,0.0011124735133371515,0.0006104758023335919,0.0006009489658935612,0.0011209104977987839,0.003934230883876532,0.0009223678344938933,0.003972709883397867,0.007632977649822779,0.0018123167481715397,0.0016126423665191374,0.011361062013139665,0.0012525293652835732,0.0029607258836076324,0.0018049628997279675,0.0017813713023186154,0.002510617114587209,0.004762048574371878,0.0019060200175946504,0.0006936460261507626,0.000806977643525962,0.0005665988086177555,0.0007572564824249709,0.0007217071713067288,0.00047067134212269354,0.0010278586554678926,0.0005577468876781442,0.001017726455506734,0.0032734519643304438,0.0012106211204691549,0.0007586756045153036,0.0007957299214882745,0.0011485508748246647,0.004156297662839962,0.000774113075766894,0.0011124735133371515,0.0006548666770529573,0.0015487655758584051,0.0010753771764290428,0.001187879875805913
n,15,0.0005690881080755555,0.0004519113178907224,0.0006160871412323967,0.00016484358060138847,0.0004912642373746659,0.003964836923956281,0.0004503774423572871,0.00041578865078554736,0.000448672598263461,0.0006967158639678408,0.0008937125519557895,0.0006160871412323967,0,0.0006045756619383289,0.0009632936089838128,0.0012672784141597724,0.0065997853230660136,0.00032451256849080055,0.00037977241417729094,0,0.00026110904158101086,0,0.0010828709194452201,0.00032473120653286327,0.0012955766861207803,0.0015330267325618617,0.0019961440780643025,0,0,0.003263925692139812,0.0006967158639678408,0.0021469307057393064,0.0012639037792268957,0.0008036379171800054,0.0009618981685890525,0.0008430523518644644,0.0008332900418868371,0.00623448654534755,0.0002546634686510296,0.0012672784141597724,0.0008937125519557895,0.0005642002463956112,0.000578058287998716,0.0007610941038357775,0.00039134075929310507,0.00041578865078554736,0.0006045756619383289,0.0010425158693767435,0.0015239247556874222,0.0007295235886731584,0.0007226345344102256,0.0005697709433805912,0.0007457899400997243,0.0005765455300459436,0.00041201913120184996,0.0004912642373746659,0.0014432074225884488,0.0017361352189966697,0.0008068086366458301,0.00113984367880116,0.0019166342276594481,0.0016198054733822373,0.0005786736029577778,0.009141035941818643,0.001029677344517014,0.0027321760172893533,0.0015319297180411747,0.0015428537694594572,0.0021850195558814666,0.004515722990113355,0.001117843720302626,0.0006310209330800617,0.0006464466061247557,0.00035959490709253555,0.0005021963608080821,0.000477499180773585,0.0004422126280929472,0.0007320883850116091,0.00046417339663972304,0.0010493750382511743,0.002559122688205027,0.0006940804138258892,0.000578058287998716,0.0006967158639678408,0.0008937125519557895,0.003964836923956281,0.00046918277312368,0.0005765455300459436,0.00048334307150341144,0.0008363796811954359,0.0006045756619383289,0.000708816129754555
spike,2,2.81609491488373e-05,2.2080273834214905e-05,2.2720439817810473e-05,7.025802126912427e-06,4.198737127211524e-05,0.00014155404508144718,2.849606599854446e-05,4.036609324428142e-05,2.0684744891279755e-05,3.403336870272225e-05,4.3137955116837824e-05,2.2720439817810473e-05,0,3.1027877384118036e-05,4.4181432174460406e-05,8.761380648230142e-05,0.00018229891280653835,1.3214678886573638e-05,2.3237443032025997e-05,0,2.3227428488166786e-05,0,5.275219578678673e-05,3.881342929468386e-05,5.677714352294432e-05,4.9654194986970834e-05,7.421962390792282e-05,0,0,0.00011085823308068114,3.403336870272225e-05,9.852677010466336e-05,5.740472101754566e-05,4.8444472919828257e-05,4.008927885051806e-05,4.575352282020574e-05,3.708815691418505e-05,1.1609750061636631e-05,9.717345615906136e-06,8.761380648230142e-05,4.3137955116837824e-05,2.7888417578829094e-05,3.10125033340877e-05,3.219384495121585e-05,2.567338027424434e-05,4.036609324428142e-05,3.1027877384118036e-05,6.854694044233755e-05,0.00011547577907058604,4.476316004835992e-05,4.09628942036658e-05,2.6528872323674968e-05,3.3039819893436584e-05,5.3105518439232e-05,1.9272783945319523e-05,4.198737127211524e-05,3.760922987198783e-05,6.878097396105203e-05,2.7487606470786496e-05,4.735992922010851e-05,7.492506035353165e-05,5.7167886900601195e-05,2.738838066350316e-05,0.0002884304661323842,4.9511335016618946e-05,0.00010231898801634848,5.2322361283454344e-05,6.377538423206513e-05,0.00010112878720049362,0.00014479668927755524,0.0007913257875390139,2.5134710927615084e-05,2.7668639785300615e-05,5.3514724273240554e-05,2.656143980898535e-05,2.475758416751446e-05,2.3949448693868427e-05,4.065657179444496e-05,2.1390041970676246e-05,3.226861941617595e-05,9.974338909882744e-05,3.8103703585709054e-05,3.10125033340877e-05,3.403336870272225e-05,4.3137955116837824e-05,0.00014155404508144718,2.1293100868665563e-05,5.3105518439232e-05,4.775711713556881e-05,4.7457815735070295e-05,3.1027877384118036e-05,3.573996730124939e-05
nsp1,6,0.00011346269020626155,9.484827656538847e-05,0.0001164183314551214,3.3884775918497316e-05,0.00010878917370010944,0.0006791017743632331,8.798527608585926e-05,8.68472352542544e-05,8.875896569528981e-05,0.0001417804755427723,0.00017824596998438372,0.0001164183314551214,0,0.00012761821772221937,0.00018886120540080828,0.00024671449167555605,0.001546824535437355,6.144853086489966e-05,8.592097404973864e-05,0,5.574867556207864e-05,0,0.0001982913423578787,6.998707848399282e-05,0.00025706860036319926,0.0002579072123056229,0.0003540377705817291,0,0,0.0006301014116704695,0.0001417804755427723,0.0004634541164238442,0.0002385335281925616,0.00017320781432151062,0.00018692845138320086,0.00016720303792914644,0.00019621460770007914,5.52442030176988e-05,5.278386275085366e-05,0.00024671449167555605,0.00017824596998438372,0.00011597501586949268,0.00012522632428751127,0.00034533453951252004,7.954718726831797e-05,8.68472352542544e-05,0.00012761821772221937,0.00019359284393641505,0.00032779049508710576,0.0001502807376545049,0.00014869364286536474,0.00012072711223085726,0.00015933691802344634,0.00011593342954474579,8.313493787018622e-05,0.00010878917370010944,0.00019284870296742103,0.000357421858241107,0.00018097427712603057,0.00025975914428827125,0.000382557102667259,0.00033622605695742284,0.00012790706660458062,0.002289161633641573,0.0008794491978892031,0.0019206859637505194,0.0003230918550794141,0.00039528994181526765,0.0010225287047950806,0.0017970476081651152,0.00024732048823914354,0.0001203213658798332,0.00014629881427555855,7.326463285286906e-05,0.00010341838386973649,0.00010345025321475488,7.957913065109612e-05,0.00022877158486053816,8.899183661604284e-05,0.00019890893941419712,0.001712438938819385,0.000149420681124309,0.00012522632428751127,0.0001417804755427723,0.00017824596998438372,0.0006791017743632331,8.007439868461251e-05,0.00011593342954474579,9.959850975159315e-05,0.00017567441109391196,0.00012761821772221937,0.00015029492195013438
nsp10,5,0.0005721101772338867,0.0006044206600936047,0.0002012728074815828,0.00017683524881858677,0.00010850595437400838,0.0007989286934046852,0.00012116954492066564,0.00010724133607163282,0.00011049201761228889,0.00015889015027693672,0.00020665646545116892,0.0002012728074815828,0,0.0001521841948680203,0.003011456803798557,0.0003437532568586506,0.0011271037297651647,8.875484550543751e-05,0.00011061090648033177,0,7.644861887711634e-05,0,0.00028131395247763777,0.0001295554253665063,0.00030981223268487475,0.00029913884948995755,0.0005430989299793788,0,0,0.000796203909229081,0.00015889015027693672,0.0005422526115525825,0.0003228793004881054,0.00032258858379011657,0.00020972689562863273,0.00023479413232079945,0.00019917461268982237,7.731871662315977e-05,5.814956893563294e-05,0.0003437532568586506,0.00020665646545116892,0.00014870711219958142,0.00013927260397991802,0.00016277972386889104,9.612474347806583e-05,0.00010724133607163282,0.0001521841948680203,0.00022956053152450558,0.0004147411426712814,0.0002090189373543357,0.00020601444149708056,0.0001392423418558042,0.0001866334795060773,0.0001648663128271504,9.993154000647777e-05,0.00010850595437400838,0.0002149132097263916,0.0004209045978392642,0.00019389515745038734,0.00031762408511829806,0.0005741056361968522,0.00042486807087912333,0.00013544047305608464,0.0023760207885162544,0.0002652542263570014,0.0006014802451299055,0.0003599633208556771,0.0003526849448736501,0.0018609933573776427,0.000979038434166755,0.0003090581878578925,0.00013343055280271664,0.0001484984626787932,9.322778600795101e-05,0.00012390411667484203,0.00011933291656741119,9.12234293313151e-05,0.00017297767217472977,0.00010201517111022136,0.00023662751893828652,0.0006952092670032414,0.00017954910546543485,0.00013927260397991802,0.00015889015027693672,0.00020665646545116892,0.0007989286934046852,0.00010480185221345761,0.0001648663128271504,0.00011885675689537114,0.00021392388435624316,0.0001521841948680203,0.00017878698693651936
nsp11,1,2.2656831972279614e-05,1.8207271112265972e-05,3.058086926808161e-05,8.263731237892602e-06,2.2955594673126564e-05,0.00013211945632170358,2.1716087037854836e-05,1.823881178141681e-05,1.78588243303417e-05,2.8409382964135398e-05,3.7037704498333536e-05,3.058086926808161e-05,0,2.7407291258098515e-05,3.642615597957104e-05,4.85334676453767e-05,0.00017465071257947873,1.2442370823310501e-05,1.5891032129051123e-05,0,1.1012322280981574e-05,0,3.9593870598689255e-05,1.360781298973697e-05,5.4625991596598174e-05,4.960201444143652e-05,8.946053468215277e-05,0,0,0.00021166947846651342,2.8409382964135398e-05,0.00013510018051920828,5.082043706258948e-05,6.715802846225108e-05,4.437622621995633e-05,3.5220790160335096e-05,3.262980866445309e-05,1.2195609692015572e-05,1.0578112869968166e-05,4.85334676453767e-05,3.7037704498333536e-05,2.4822513922834153e-05,2.399457576556535e-05,2.9779536867119026e-05,1.605526544332419e-05,1.823881178141681e-05,2.7407291258098515e-05,5.072449043592352e-05,7.46950267840331e-05,3.1536791665844016e-05,6.204431820436499e-05,2.309171298924903e-05,3.076591356000244e-05,2.7167243125657145e-05,1.713803058707406e-05,2.2955594673126564e-05,4.526550604532084e-05,0.0019183726392229443,3.057637059292951e-05,6.0035590919228145e-05,0.00019872797674313865,6.315989777511466e-05,2.2504969704661024e-05,0.00030511705566658965,4.153357968723742e-05,0.00010938363006446944,6.060337496699316e-05,7.262357960961795e-05,8.022710002886403e-05,0.00016062508324372402,4.539438886111488e-05,2.605212598563263e-05,2.556918796438874e-05,1.5884539111499135e-05,2.343307030453568e-05,2.1587384972319558e-05,1.5164908760690076e-05,2.9843022730056314e-05,1.7464338731474386e-05,3.697682422001125e-05,0.00013981645905834222,3.056265193062619e-05,2.399457576556535e-05,2.8409382964135398e-05,3.7037704498333536e-05,0.00013211945632170358,1.9562000206000144e-05,2.7167243125657145e-05,2.0653314303056634e-05,3.712116524460083e-05,2.7407291258098515e-05,3.238259013284538e-05
nsp12,20,0.0003764527658299338,0.0003153668500497177,0.000466839036682163,0.0001250179377724427,0.00031864290774626927,0.004672025613857342,0.00041976974291108027,0.0002889310329365725,0.0003417581760379813,0.0004763388000233121,0.0006469378961619521,0.000466839036682163,0,0.00041358350734700406,0.0006414105110581227,0.0007671306997922594,0.0033600036164280226,0.00021180191755173673,0.00040598696223164674,0,0.00020285975614189552,0,0.0006344195343583292,0.0002324777291497283,0.0008315889047217067,0.0008480511506985984,0.0013393603224751368,0,0,0.002747273764811761,0.0004763388000233121,0.0019162590885732599,0.0008478134913375012,0.0005267008836315721,0.0006192765314741897,0.0005760521788924119,0.0005476241787995654,0.0001860321529607097,0.0001618964002470549,0.0007671306997922594,0.0006469378961619521,0.0004049481161367603,0.0003876114905641576,0.0005720577555607886,0.0002960864563104037,0.0002889310329365725,0.00041358350734700406,0.0030080973162924626,0.0011094181184667046,0.0004920033231983229,0.0004949971000799708,0.0004728921935839556,0.0006434895315482615,0.00039237168082653374,0.00027110827404496515,0.00031864290774626927,0.0006246878108790013,0.0012538677386918651,0.0005849064200857255,0.0007270425334543001,0.0012407984648464877,0.0012403651366539707,0.00043236115363456376,0.006307001847656612,0.0006875975392978016,0.0018538630579664124,0.0010535187068958255,0.0010421007868054656,0.002781465246295463,0.0032541203949026363,0.000790221784062491,0.00042065310373557113,0.00042461781004511363,0.00026020188703925124,0.00034908291272393275,0.0003282974650385379,0.00028775010551612695,0.0004970016779992699,0.00029995817527484413,0.0006265114296308525,0.0016849022850872217,0.0004985682457025847,0.0003876114905641576,0.0004763388000233121,0.0006469378961619521,0.004672025613857342,0.0002818316919721833,0.00039237168082653374,0.00033549796495953597,0.0005947345734496985,0.00041358350734700406,0.000481966608495619
nsp13,40,0.0010070517744137498,0.000776010077722768,0.0009183047442942339,0.00027562762106924483,0.001501723441906358,0.007560277886400935,0.0008159523770321482,0.000799138740273165,0.0008395293696398593,0.00151209641338365,0.0016817509359231546,0.0009183047442942339,0,0.0011305829091159956,0.0016180937986294951,0.0021004890323473367,0.009018062331332767,0.0005205443145728256,0.0007392562579545517,0,0.0007546398836899988,0,0.0016422255917039285,0.0006033851679641832,0.002101175251400515,0.0029064549026100784,0.0032890265417731463,0,0,0.005035990756415079,0.00151209641338365,0.003878550729331082,0.0021755770101745384,0.0014206036281602273,0.0016348294783843048,0.0015949715614908078,0.0016331592620342343,0.0004910127311993843,0.0004953467884737683,0.0021004890323473367,0.0016817509359231546,0.0010368009131593349,0.0010186840842451874,0.0011854322921052592,0.0006752631506164354,0.000799138740273165,0.0011305829091159956,0.001788199271831706,0.0027857710300527396,0.001388613890245973,0.0013172426142227791,0.0012392228421887808,0.0018569651195418453,0.0009957405940571075,0.0007127554020486142,0.001501723441906358,0.001756111543022525,0.0031737884758846137,0.001389059813456989,0.0020606624599882988,0.002996464166337168,0.00300826839232281,0.001118868846237793,0.013292719429154973,0.0017136919234694255,0.0061242845376633034,0.003052456527087021,0.004520378520192407,0.007632076658682043,0.007186672516444224,0.002193914108366523,0.001082034368459529,0.0010853456494631947,0.000645108169138098,0.0011425575542564198,0.0008861129867135318,0.0006822365888708522,0.0012379667470830713,0.00081432119756005,0.0014892416441960386,0.005486852029595901,0.001346824302346474,0.0010186840842451874,0.00151209641338365,0.0016817509359231546,0.007560277886400935,0.0006912904478157478,0.0009957405940571075,0.0015028210395330167,0.0016010654963802375,0.0011305829091159956,0.0012814156671901915
nsp14,3,5.904394003691872e-05,4.632061299349548e-05,5.540194237840428e-05,1.6120129149145305e-05,5.022410125448928e-05,0.00034252205505545726,4.6268018639947236e-05,4.41754405829461e-05,5.132180053486663e-05,0.00020898254076990872,9.30471985800559e-05,5.540194237840428e-05,0,6.448592955149416e-05,9.27833417306609e-05,0.00012051737332128797,0.000462161257682424,3.2550529820023776e-05,3.925428737530972e-05,0,2.694630212062456e-05,0,0.0001053745250024504,3.2449385198909764e-05,0.00013010903818631207,0.00012180621859011668,0.00018301935986457158,0,0,0.0011832930831744135,0.00020898254076990872,0.00022008679769272902,0.00014921886868900913,8.591884721825765e-05,9.710588509578186e-05,8.244242513884758e-05,9.409781132670247e-05,2.9420228362451622e-05,2.265537725605833e-05,0.00012051737332128797,9.30471985800559e-05,6.028298700264853e-05,6.250548753113594e-05,7.448071834818762e-05,3.858803349023538e-05,4.41754405829461e-05,6.448592955149416e-05,0.00016351362305937368,0.00018078303240814798,8.936148420503668e-05,8.746717905139949e-05,5.806215209666179e-05,7.482634382769198e-05,7.843035212643603e-05,4.9408692663855464e-05,5.022410125448928e-05,0.00014363227701443302,0.00021490088577729965,8.811443006391168e-05,0.00011273544326961268,0.0002608001302975793,0.00020300714962409317,7.32401336143742e-05,0.0009209670312895815,0.00015777323472263304,0.00027060541467023157,0.00015645337159743788,0.00018198284970020196,0.00022551372065725058,0.0004196175995771583,0.0001239443391347612,6.180409940230729e-05,7.635404491900497e-05,5.585238359502476e-05,5.402200855290603e-05,5.1234603030777634e-05,4.895651658771155e-05,7.620069943362882e-05,4.682913857120316e-05,8.984977436377788e-05,0.0003537686452893821,7.386306663529012e-05,6.250548753113594e-05,0.00020898254076990872,9.30471985800559e-05,0.00034252205505545726,4.8022175164184e-05,7.843035212643603e-05,5.33141482638368e-05,8.929451524915908e-05,6.448592955149416e-05,7.52561783144815e-05
nsp15,3,0.00014848492224058373,9.408414714951862e-05,8.872642909961488e-05,2.591688481934672e-05,7.444563977839261e-05,0.0005282904479618745,7.267034252123943e-05,7.53499604547585e-05,7.350702898998003e-05,0.00011733510356718918,0.000147062725628668,8.872642909961488e-05,0,0.00012081008643981893,0.00019510229150998282,0.0008054546539590318,0.0007576717566872798,5.308837655592341e-05,6.493497535794987e-05,0,5.4805340724010436e-05,0,0.00015513434679347428,6.035339596908429e-05,0.00019972375515294933,0.00020660059875488956,0.00029374826618695885,0,0,0.0005878194864337254,0.00011733510356718918,0.00037298307249346426,0.00020655223408902175,0.00013189875986650655,0.00013898517085548725,0.0001435747506405432,0.0001480428410805375,4.5961210226093514e-05,3.8236538848418425e-05,0.0008054546539590318,0.000147062725628668,0.00011234467614881145,9.856194830810722e-05,0.00010232791987975761,6.006146785942005e-05,7.53499604547585e-05,0.00012081008643981893,0.00021032546464055176,0.00037493725686682045,0.0001189789197534275,0.00011954629817278563,9.794633103000046e-05,0.00013221872474732785,0.00010342276586704026,7.050182724436269e-05,7.444563977839261e-05,0.00016547673628750624,0.00031874667145630886,0.00013880775073518876,0.00018301465207394183,0.0003124889695699352,0.0003077375333144633,9.552834151490931e-05,0.0012559892858385142,0.00017853104167967225,0.0004148214143496582,0.00029336412861474397,0.00026733852892099727,0.0004098241662982892,0.0006499996472801591,0.00020660668042436732,9.036635430928456e-05,0.00010200359664731072,6.689740619027944e-05,8.857929995073928e-05,8.558843888824134e-05,6.302199203592421e-05,0.00012344103129423165,7.26531843026146e-05,0.0001371027453679389,0.00041717770309377625,0.00012062344217462774,9.856194830810722e-05,0.00011733510356718918,0.000147062725628668,0.0005282904479618745,7.413797350902522e-05,0.00010342276586704026,8.725241254138353e-05,0.00015864264386476998,0.00012081008643981893,0.0001366449713133113
nsp2,7,0.00016176282882962405,0.00012641640876200815,0.00016288868373048556,4.8204658857019196e-05,0.0001277287552407805,0.0008589056562323823,0.00015574648666227207,0.00013265545604558972,0.00013684408013929337,0.0001862087860836398,0.0002451148485190664,0.00016288868373048556,0,0.00017095743424741893,0.0002653554020614859,0.0003877499618311197,0.0012979367535547275,8.494921518067866e-05,0.0006383852327407189,0,8.790102246232543e-05,0,0.00027663646584829795,9.6405204345268e-05,0.00039412360702824085,0.00034335477710801426,0.0005571959052613001,0,0,0.0008911894352007105,0.0001862087860836398,0.0007027198158307465,0.00033763149293672304,0.00025702865356956,0.00025236912072617353,0.00023732672331034993,0.0002845068726829657,7.548902023695263e-05,7.153343386176588e-05,0.0003877499618311197,0.0002451148485190664,0.0001564939260636254,0.00016239999523410474,0.0002247733075463914,0.00010997869519033405,0.00013265545604558972,0.00017095743424741893,0.0002718937075559922,0.0005067327455626433,0.00020273147243858784,0.00021737736798065773,0.0002991172450881116,0.0002125438367733188,0.00022089300272005392,0.00012116981164882715,0.0001277287552407805,0.00024333381084475227,0.0004953595889711864,0.0002432696966202882,0.0007500419568385461,0.0005548100207706236,0.00044597199072695493,0.00016204603195616162,0.0028967296573931063,0.0003113360083109531,0.0014647957303799376,0.00042114833447131955,0.00046624191863122913,0.0007234274675596071,0.0011450576026548014,0.0005707103839280917,0.0001598502296313343,0.0001710013309502151,0.00010544875218674736,0.0001435514804422071,0.00013915112420278123,0.00010783775450656337,0.0002074096218876997,0.0001186014829100934,0.00024971635028805115,0.000705305167049357,0.00021806175683737285,0.00016239999523410474,0.0001862087860836398,0.0002451148485190664,0.0008589056562323823,0.00012933167887653498,0.00022089300272005392,0.00014209580115370922,0.00024206927860279847,0.00017095743424741893,0.0001961624237510266
nsp4,8,0.0001400080561491269,0.00010562815098388871,0.0001394635457160412,4.420994608266575e-05,0.00013296167032667328,0.0008072807819515826,0.00011151306261438395,0.00011432863179190676,0.00010717375151128766,0.00016512674774080333,0.00020815495957917794,0.0001394635457160412,0,0.00036841627377635916,0.00021741525957627702,0.0004331996489952658,0.0010694965635550612,6.894883877725747e-05,0.00012094687336989891,0,7.466951407399038e-05,0,0.00025059017406051646,8.230329963827773e-05,0.00032216750538123355,0.0003167069782982318,0.0006453921003024776,0,0,0.0016363663085986902,0.00016512674774080333,0.0028396905354286517,0.00035000299435043925,0.00033748966678205975,0.00022093451689580377,0.00020427490432783313,0.00022059601964229656,6.809421584579685e-05,6.098167962919987e-05,0.0004331996489952658,0.00020815495957917794,0.00033191622408437066,0.00019571778369840788,0.00019031761100350985,0.00010562142460230644,0.00011432863179190676,0.00036841627377635916,0.00024777603974040824,0.000569112691070378,0.00021447273882561376,0.00034353193732105747,0.00013912560919303562,0.00017901559692467156,0.007089459062642238,0.00013749353577340576,0.00013296167032667328,0.00022398522284919911,0.0006070244110074684,0.0001756359642548102,0.00025938331830912224,0.0006647411422315289,0.00036692996319253116,0.00014132186550901412,0.002332875128801843,0.0007650506117152723,0.0005841092858169148,0.00038665130072809326,0.00033529724448730754,0.0004973010295788632,0.0014816793465623054,0.00031993404310712515,0.00013145860355906984,0.00016756643615052288,0.00040738367173691873,0.0002232395602881197,0.00023259741546203302,9.28796061937153e-05,0.0005365298322634567,0.0001850465694098501,0.00020236756597059486,0.0006150656289768717,0.00020550500216111263,0.00019571778369840788,0.00016512674774080333,0.00020815495957917794,0.0008072807819515826,0.006147415752696649,0.007089459062642238,0.00019875531371036682,0.0004109928577753568,0.00036841627377635916,0.0003918956407242682
nsp5,1,6.350113861600512e-05,5.604652172359408e-05,6.335734111938356e-05,1.8489854374381253e-05,5.172460406604353e-05,0.0003869170307144675,5.1819618955989354e-05,5.264800787475317e-05,5.1123535462665044e-05,0.00010274900452383243,0.00010486402934665746,6.335734111938356e-05,0,6.690354034861891e-05,0.00011005401926012918,0.00012074739170990906,0.0009135482448590066,3.444476531369532e-05,4.4251384778879623e-05,0,3.123257562839099e-05,0,0.00011206154975756187,3.5077547121127825e-05,0.00014271761608446675,0.00013521679616806728,0.00020859117879009923,0,0,0.00034655517296924837,0.00010274900452383243,0.0002721816863162431,0.00013328559785360977,8.721025778514927e-05,0.00013988503448951624,0.00010040122512833414,8.813348063777678e-05,3.4107727885563066e-05,2.5229481091926034e-05,0.00012074739170990906,0.00010486402934665746,6.0400938412167544e-05,6.429744986920214e-05,7.34829184589647e-05,4.6972229558568616e-05,5.264800787475317e-05,6.690354034861891e-05,0.0001053115877701257,0.00016496980441474716,0.00010197306641690803,7.883947597302608e-05,6.595570417881194e-05,8.49494593421726e-05,6.26920307807315e-05,4.2561246024297365e-05,5.172460406604353e-05,0.00013739961587142278,0.00020245656696102462,0.0001021497411826258,0.00015357683589812,0.00019359024518662724,0.00018847271794890797,6.550255579818358e-05,0.000908451043703332,0.00013888924460256355,0.0003548674361824111,0.00017623836291252938,0.0001850881039147946,0.00025494286506025734,0.0005526430680608439,0.00012513950056742794,7.571614727008628e-05,7.554844155597801e-05,3.992962373286267e-05,5.532420713999759e-05,5.300207130552774e-05,4.744987186332196e-05,8.195924668463032e-05,5.019836853428367e-05,0.0001369912214974592,0.0002963755657840005,7.70091902326636e-05,6.429744986920214e-05,0.00010274900452383243,0.00010486402934665746,0.0003869170307144675,4.6029633961549804e-05,6.26920307807315e-05,5.411865635313438e-05,9.16286033638085e-05,6.690354034861891e-05,7.871148718200063e-05
nsp5_c145a,2,3.792357697160395e-05,2.8868634484600698e-05,3.6232339043333096e-05,1.0315084484443633e-05,2.6451130190535386e-05,0.00020852629802061177,2.7986301499764244e-05,2.9029567609017692e-05,2.8134452827699676e-05,4.081811396314887e-05,5.394037103050149e-05,3.6232339043333096e-05,0,3.751106202929899e-05,6.070415772008568e-05,0.00010926499970366187,0.00029095128854624735,1.969287668009881e-05,2.991108372807561e-05,0,1.7438355255103666e-05,0,6.098333017112899e-05,1.9602455507929227e-05,7.853495298310148e-05,8.325415911311252e-05,0.00012098452575603165,0,0,0.00035597004868443614,4.081811396314887e-05,0.00013264340183256822,7.18772796022495e-05,5.359373685990686e-05,5.397118782632204e-05,5.5201886845241966e-05,5.526063577274536e-05,1.6995493368688974e-05,2.9339498423726233e-05,0.00010926499970366187,5.394037103050149e-05,3.412264558328475e-05,3.734312949284624e-05,9.440005568006472e-05,2.9863461224148085e-05,2.9029567609017692e-05,3.751106202929899e-05,6.280170265263243e-05,0.00010388893030357328,5.445775672464972e-05,5.230483697698919e-05,3.4976190298780476e-05,4.613440718716574e-05,4.3121487353753026e-05,2.4927993308785824e-05,2.6451130190535386e-05,6.023090231470075e-05,0.00014962033697052038,5.147604897985466e-05,8.776858993327384e-05,0.00013487030061048563,9.384788771675648e-05,3.5578538493430535e-05,0.0005141114758107112,6.799984696233798e-05,0.00016498156129401558,9.61237841133619e-05,0.00010181550771994271,0.0001425500475362281,0.0002580256692039668,7.255888546307105e-05,3.518319659479062e-05,3.9464888072464695e-05,2.2937732341183777e-05,3.170813270646038e-05,2.9546382689413394e-05,2.3693513626092692e-05,4.395316956397162e-05,2.5762453110915882e-05,5.533991659950774e-05,0.00017979060603222566,4.40781363585677e-05,3.734312949284624e-05,4.081811396314887e-05,5.394037103050149e-05,0.00020852629802061177,2.935046202541927e-05,4.3121487353753026e-05,3.0539478121356634e-05,5.380900678199714e-05,3.751106202929899e-05,4.4582505447736245e-05
nsp6,4,6.939966253217953e-05,5.401088018710367e-05,7.276758513188509e-05,1.928600866597739e-05,7.061931708866148e-05,0.00038213292293778585,6.320571869124705e-05,6.266214377385756e-05,5.5053772915329195e-05,8.760965017675123e-05,0.0001037034283494112,7.276758513188509e-05,0,8.298642721256648e-05,0.00010734342198118645,0.00017996424238695189,0.0005100300731619247,3.534974269628788e-05,6.252987019674876e-05,0,4.156441536414466e-05,0,0.00014215874190834572,4.500152153466308e-05,0.00015808830370673093,0.00013501594218063147,0.0002255021658292747,0,0,0.00036457485108072027,8.760965017675123e-05,0.00026199995973569154,0.0001746034859846321,0.00016253021541928953,0.00010740796089344611,0.00010764622348193301,0.00012980933235072316,3.796151377654034e-05,3.690317905934418e-05,0.00017996424238695189,0.0001037034283494112,7.520854994515245e-05,8.31936453717902e-05,9.895650568491916e-05,5.5901538496449396e-05,6.266214377385756e-05,8.298642721256648e-05,0.00011316770216683781,0.0003193710590614263,0.00012615907427111807,0.00011161169866174193,6.977289747196664e-05,0.0001261631038984149,9.974003100085273e-05,6.010057369787295e-05,7.061931708866148e-05,0.00011349429783765491,0.00025635608853397254,8.297717533872653e-05,0.00013271924543967515,0.0003073916416989769,0.00016697110292963343,6.598699658505514e-05,0.0008791225283489909,0.00012160951590547289,0.0002724555713048546,0.00016062088082426893,0.00017107696015283247,0.00023860933264704026,0.0004289288219504158,0.0002362897480034755,6.448580298691884e-05,7.306274328365188e-05,5.464661979685058e-05,6.652695826863098e-05,6.471084726307854e-05,4.848272439707394e-05,9.884119261504987e-05,5.461677182863542e-05,9.576459123057399e-05,0.0002985121790713319,0.00010683364134603856,8.31936453717902e-05,8.760965017675123e-05,0.0001037034283494112,0.00038213292293778585,6.710500507795752e-05,9.974003100085273e-05,6.137385736014402e-05,0.00013069536514230271,8.298642721256648e-05,9.480981796875361e-05
nsp7,32,0.0012371290885787366,0.0011694742074141882,0.0010619945576590126,0.00033721241122258694,0.0006955490085500004,0.005311537055927078,0.0006827484229205046,0.0007343478524445705,0.0006451814767906307,0.0009378087882209687,0.0012836280398218149,0.0010619945576590126,0,0.001014636541251931,0.004024821043305957,0.002070848497491141,0.0077859676448646595,0.0004138065666984448,0.0007566310212689595,0,0.0004470419385732753,0,0.0014689672179079133,0.0005382062050060526,0.001880264175671041,0.0016252151207354238,0.002674363189610117,0,0,0.006021573338496602,0.0009378087882209687,0.0044500304586526165,0.0019300033983593039,0.0018294569080170124,0.0014783074100136388,0.001215982300895651,0.0015302896820308253,0.0005300891113482082,0.0005691276746440711,0.002070848497491141,0.0012836280398218149,0.0008818213812428421,0.0008609607967713686,0.0012006154575140953,0.0005642207086453551,0.0007343478524445705,0.001014636541251931,0.0015798683945533675,0.003054769031008814,0.0010601765568123895,0.0013260007501768672,0.0007836435123783721,0.0011077971422952073,0.0012427727788474055,0.000775499355150604,0.0006955490085500004,0.0012562225631654218,0.00266031034462435,0.0010483657438421939,0.0018135951998797853,0.004164579324624197,0.0020672978176080803,0.0007473324817768275,0.011634694075335668,0.0014708958700525073,0.003442401457508181,0.0019490471452205775,0.0020998508685918724,0.0036892258661710203,0.005000851643719294,0.002453165064182832,0.0007913639810552404,0.0008428498840391905,0.0006598548207802677,0.0008090025949776272,0.0008069371150025522,0.0005459030225257115,0.0012281704703754196,0.0006141377610639185,0.0011694371774740241,0.0034630510757491565,0.0013326038784825687,0.0008609607967713686,0.0009378087882209687,0.0012836280398218149,0.005311537055927078,0.0009366742134585546,0.0012427727788474055,0.0007723155281498099,0.0015754536723483203,0.001014636541251931,0.0011482714867187185
nsp8,24,0.0005429715749361635,0.00043352866628787587,0.0006046383756673597,0.0001666317883214098,0.00042291428045384795,0.003487310454425306,0.00043637132438858757,0.00042411781240174934,0.0004836727053791231,0.0006648382158704439,0.0009335547962680212,0.0006046383756673597,0,0.0006031233012849851,0.000905764719963932,0.0011626858449819534,0.008885689147300386,0.00029635436894195075,0.00037547096153076016,0,0.0002580573103748966,0,0.0009358059337243683,0.0003337369185522968,0.0013407928127188102,0.0017176989715760635,0.0018404318688286902,0,0,0.0031200990479605217,0.0006648382158704439,0.002181300331910005,0.0010963889865918406,0.0008128612477799511,0.0009669770969700034,0.0008961825571242711,0.000805976203899504,0.00033491400873425617,0.00022364274867225098,0.0011626858449819534,0.0009335547962680212,0.0005474965487404014,0.0005606456293349011,0.0006624516196165795,0.00038087910264805735,0.00042411781240174934,0.0006031233012849851,0.0009878107423961573,0.0015080038752822544,0.0006928291692323183,0.0007041297168486759,0.0005858680926984963,0.0007388981681212756,0.0005924147740822219,0.0004282408598024022,0.00042291428045384795,0.0009667345822079933,0.0017738731097162548,0.0007991979429675961,0.0019092120002711427,0.001876219426543013,0.0016681775727535194,0.0005758121290838467,0.009057394665687958,0.0009905119217072497,0.0027266565092373745,0.001481845158071553,0.0015547436417397199,0.0021322977313520575,0.0045107531396817524,0.0010956765707945866,0.0006382195910701179,0.0006560659620909099,0.0003577951242912691,0.0004985999379460891,0.000471551998304167,0.00044929294610222657,0.0007098344465304398,0.0004702863216573754,0.001118277503693243,0.0026285803133937967,0.0006962017341500395,0.0005606456293349011,0.0006648382158704439,0.0009335547962680212,0.003487310454425306,0.00042794182418900734,0.0005924147740822219,0.0004726569799469543,0.0008389908020509983,0.0006031233012849851,0.0007033446916206021
nsp9,16,0.00032206923317263324,0.000248045344360361,0.00029119714015922086,8.728488587918448e-05,0.0002751218192991123,0.0020796213228165606,0.0002610805810208431,0.0002837125801656248,0.00025351658225023275,0.0006337869880714952,0.0005085279843042841,0.00029119714015922086,0,0.0005492429211079222,0.0005156222914838185,0.0006561419125001093,0.002699805611063348,0.00016094578316763782,0.00024417366814714214,0,0.00016868133452526332,0,0.0005332140429316145,0.00020228679835868245,0.0007583811716265822,0.0008014853402448256,0.001039825014615177,0,0,0.0017712794021177056,0.0006337869880714952,0.0012217899247162257,0.0008860700023548045,0.000521223162105172,0.0005610607251052382,0.00048711550593515796,0.0004937123597365267,0.00018407088099300342,0.00012873995539622364,0.0006561419125001093,0.0005085279843042841,0.0005259850560268798,0.00044963970729338217,0.00044382710297593273,0.00021750530826661094,0.0002837125801656248,0.0005492429211079222,0.0005405473223340744,0.0008900968597876253,0.0007189163404679004,0.000488816352939789,0.0003357994471302114,0.000419620838316825,0.00033955406508419015,0.00023928156966133992,0.0002751218192991123,0.0006114128989563949,0.0009889312870154463,0.0004562102234614747,0.0006417027271753971,0.0010530281289609807,0.0010582587356822847,0.00039438605221697124,0.005549494094265945,0.0010446754199717866,0.001528524223404461,0.000952723778977754,0.0008935047782097255,0.0017313762066033713,0.0022614374500273724,0.000711569737608432,0.0003669979761271209,0.0004379004594417441,0.00023677742982446278,0.0005965779207475876,0.0008285640167225284,0.00029167070597243774,0.000888689641987148,0.0003866091855868153,0.0005161833087422038,0.0018948850215799182,0.0004343237567353272,0.00044963970729338217,0.0006337869880714952,0.0005085279843042841,0.0020796213228165606,0.00031546122622846257,0.00033955406508419015,0.0003930201310282894,0.0006375796275597698,0.0005492429211079222,0.0006201808443556778
orf10,9,0.00026407671850146245,0.00021363886605218493,0.0002619252786525848,8.360199483290396e-05,0.0002151157491627314,0.0016031978133269529,0.0002584487946075301,0.00021751237408771198,0.0003000792838433878,0.00034368010034495214,0.00044156992697825755,0.0002619252786525848,0,0.00034615775587008705,0.00043118476688592237,0.0006573004809559402,0.0028225390872596884,0.00016037853444762721,0.0001825553161505889,0,0.00013321517749251863,0,0.00042602640062354446,0.00015592237995345017,0.0005917229948947015,0.0005878970563006292,0.0014708629828611194,0,0,0.0024944528964313943,0.00034368010034495214,0.0010182666055717575,0.0013012534598902548,0.0003740374083545155,0.00043546862855534005,0.0003655070306769612,0.00037759652395925853,0.00013877332696174625,0.00011437994713924965,0.0006573004809559402,0.00044156992697825755,0.0003351058814046643,0.0003546167547382221,0.00036354297786433905,0.0002170651316082724,0.00021751237408771198,0.00034615775587008705,0.0005272441798423407,0.0007836553020992729,0.00032385124525840484,0.0003392623056655778,0.00030617886247607336,0.0003593527845877785,0.0002806210938379074,0.00019295709163284696,0.0002151157491627314,0.0005308525580304494,0.0008470225788346012,0.00040932357881746055,0.0005042316001188397,0.0022772993593913335,0.0008186048837970356,0.00027011572191665566,0.004077313749547878,0.00045849921054965206,0.0013133424207723474,0.0007757323510920358,0.0006903396192574812,0.0010825615651797326,0.0020022220054676616,0.0005132859846315164,0.0002839709276293963,0.00031960329829550875,0.00018432879874014796,0.00038687698110044955,0.00028385777111327235,0.00020672769212371555,0.0004586378376437512,0.0013736777433381421,0.00047629741657981614,0.0012406146386370555,0.00031833675441852674,0.0003546167547382221,0.00034368010034495214,0.00044156992697825755,0.0016031978133269529,0.00019622940551942313,0.0002806210938379074,0.00032765463754425245,0.0004393712540132845,0.00034615775587008705,0.00045454703254247693
orf3a,8,0.00015031477504861234,0.00011891309155697887,0.00013696633678658238,4.161400389412077e-05,0.00013243182542492483,0.0007306027974332769,0.00011601639643515605,0.00012797880289352575,0.00011045788579900544,0.000167761765835423,0.000202020757959562,0.00013696633678658238,0,0.00015731129651001553,0.0002313015648748974,0.0003393873022170892,0.002066839454547315,7.43313468444136e-05,0.00030988652040255074,0,8.648698787071421e-05,0,0.00027011237241839303,7.901595322607388e-05,0.0003412482244353394,0.00031320197748038265,0.0004333208749412846,0,0,0.0007240521683822307,0.000167761765835423,0.000603480947666316,0.00030820921080906654,0.00030209361112714685,0.00020929920898774538,0.00019647938994035344,0.00022925073909079905,7.137189343913796e-05,6.016660584463658e-05,0.0003393873022170892,0.000202020757959562,0.00014005084710502593,0.00013615633746314195,0.00018286707857555489,0.00010164800333277785,0.00012797880289352575,0.00015731129651001553,0.00031530626920467483,0.0016504307996610072,0.0001802950680075324,0.00023700290246366173,0.00016321970215229088,0.00018935809986151913,0.00023644629476487092,0.0022242258407999516,0.00013243182542492483,0.00021243630257032455,0.00040669648643567436,0.00017426331439585532,0.00024969528735929784,0.00047282582984254214,0.0003306286770347004,0.00013653253986390366,0.002408808995508988,0.000245639475072222,0.000561444354345025,0.0003451444510388594,0.00032803768035613134,0.0005172562960110872,0.0008124727813351815,0.0004364806165390746,0.00015182102198773158,0.00014859464908894613,0.00010908594655267571,0.00012516383473181256,0.00012350555391193156,0.00010067327924952444,0.00019279928853119368,0.00010000302424368621,0.00019703204031462317,0.0005932828193773482,0.00030259830788836525,0.00013615633746314195,0.000167761765835423,0.000202020757959562,0.0007306027974332769,0.00010974691288929115,0.00023644629476487092,0.00012908800171713104,0.0002986398478979782,0.00015731129651001553,0.0001764066941814862
orf3b,1,2.6948703460192336e-05,2.1712705915745913e-05,2.9082020044801987e-05,8.36037325399151e-06,2.129186609053217e-05,0.00016518933415659516,2.169647166463494e-05,2.3958715547966297e-05,2.3306372481665852e-05,3.223225787437332e-05,4.410856222562424e-05,2.9082020044801987e-05,0,3.309788984010739e-05,4.4474510047256e-05,6.315200681067807e-05,0.0006388890147520243,1.4100836142661222e-05,2.1815047495176063e-05,0,1.4025354610120197e-05,0,4.7190356371222294e-05,1.9401497292074117e-05,6.570059096844109e-05,7.121635651045307e-05,0.00011764987601888197,0,0,0.00019672371296654197,3.223225787437332e-05,0.00011009200042376079,6.025825654394531e-05,5.545700462857178e-05,4.482445495047983e-05,4.226557433003839e-05,4.3627712647043056e-05,1.3644266005396287e-05,1.788058261823138e-05,6.315200681067807e-05,4.410856222562424e-05,3.1357922985070986e-05,2.850093102205172e-05,3.91009375649281e-05,1.9086787243120268e-05,2.3958715547966297e-05,3.309788984010739e-05,5.040484646259331e-05,9.472905789623486e-05,3.825562080920043e-05,4.323383935038652e-05,2.870267448684511e-05,3.6845477107932674e-05,4.0423910255483336e-05,2.5644910268973357e-05,2.129186609053217e-05,4.290313493259523e-05,0.00010512057009348091,4.545021800982789e-05,5.329800996117215e-05,0.00011070066459349293,8.448585502442736e-05,2.8553223736760556e-05,0.0005190483822140646,4.8655908039170013e-05,0.00012418073594419417,7.082593551384793e-05,7.349341828588126e-05,0.00010902181595254187,0.0002145038591021364,5.939467460974074e-05,2.773044262149618e-05,4.005956085540924e-05,1.9455810678587044e-05,2.684385551781774e-05,2.573975270225314e-05,2.2715064193367986e-05,3.768222018345179e-05,2.147795787507019e-05,4.573761556075925e-05,0.00013085802782024117,3.992993669525237e-05,2.850093102205172e-05,3.223225787437332e-05,4.410856222562424e-05,0.00016518933415659516,2.5163496491955306e-05,4.0423910255483336e-05,2.5516878415634377e-05,4.737103700003193e-05,3.309788984010739e-05,3.929831470207372e-05
orf6,3,8.806798733150985e-05,6.398114728764201e-05,7.798361271343152e-05,2.5380867046867874e-05,6.651559073457627e-05,0.00044497848745249315,6.048649604047829e-05,6.209802980738009e-05,6.0420705728007115e-05,9.231988026105331e-05,0.00012152606897848539,7.798361271343152e-05,0,8.37675608484501e-05,0.0001332584287825527,0.00022000071886909422,0.0006954934715708999,4.1011484061571186e-05,6.373219817106028e-05,0,3.917763222590487e-05,0,0.00014192996687479946,4.403638325256761e-05,0.00017626160067404264,0.00017349671495246066,0.00024191492199692794,0,0,0.0004666095926605863,9.231988026105331e-05,0.0003294378168261611,0.00016105722591386123,0.00012863243008273605,0.0001387805801043999,0.00011411303375826669,0.00020411276933207542,3.890808563631892e-05,3.215584239577281e-05,0.00022000071886909422,0.00012152606897848539,7.654547014041634e-05,8.267682190446618e-05,0.00010236427732629238,5.311763460747081e-05,6.209802980738009e-05,8.37675608484501e-05,0.0001377991912396151,0.0010310264114192272,0.00010168021697148412,0.00010867980934768247,7.903213801873e-05,9.973865946583845e-05,9.416670486554388e-05,6.633268704043334e-05,6.651559073457627e-05,0.00013157740918169243,0.0002475338440566822,0.0001086902487455925,0.00014844879991262155,0.00029862947054275734,0.0002234287010308741,7.827331276988917e-05,0.0011183347414711782,0.00016559190801233414,0.00043655564330002147,0.00025261947245503385,0.00021600540225486762,0.0003047451724112802,0.0006163423869625886,0.00017962718556741933,9.370914677660845e-05,0.00012193995698377144,5.1522155973983646e-05,6.951670106688371e-05,6.567520194474306e-05,6.410122877287989e-05,0.0001028797917915845,5.922006027343334e-05,0.00012236939595561969,0.00036374135388479896,0.00011091614812106036,8.267682190446618e-05,9.231988026105331e-05,0.00012152606897848539,0.00044497848745249315,5.9185217102336376e-05,9.416670486554388e-05,6.571379510622707e-05,0.00012758941566009396,8.37675608484501e-05,9.72036266365002e-05
orf7a,2,5.271887315148604e-05,3.550615242352096e-05,3.946364734342521e-05,1.394392824824414e-05,3.158150790042465e-05,0.0002604114371545256,3.344633490097367e-05,3.28329329609438e-05,3.1196416235869445e-05,4.828993954419599e-05,7.34628961646317e-05,3.946364734342521e-05,0,4.884006305040084e-05,7.536715481422494e-05,0.0001101821638420285,0.00035727081898958896,2.2659776636854576e-05,3.77993671214504e-05,0,2.0829433691929195e-05,0,7.218935311141846e-05,2.4392919355985932e-05,9.819715895715763e-05,8.503663262724745e-05,0.00013682490265865284,0,0,0.00022947622195540934,4.828993954419599e-05,0.000780023851391522,9.419655335733519e-05,6.22849179247073e-05,6.454459303742326e-05,6.043176136324915e-05,0.00011798888201209628,2.1661001906461393e-05,1.809086365831263e-05,0.0001101821638420285,7.34628961646317e-05,4.4183728934931005e-05,4.68819199283005e-05,5.584277956804086e-05,3.236464642767639e-05,3.28329329609438e-05,4.884006305040084e-05,7.27466056967039e-05,0.000162247632932652,5.899215460234756e-05,6.066151627557663e-05,0.0001895761936360868,5.640481626473133e-05,4.59950610000651e-05,2.951611779082342e-05,3.158150790042465e-05,6.111111124357297e-05,0.00011873463009201332,6.121396700264683e-05,8.909751858318303e-05,0.00013532883051323714,0.00011339147034245412,3.6325239244784474e-05,0.000554614591445,7.765466837127624e-05,0.0001854112487518733,0.00011026916710423564,0.00010672889131770953,0.00014607161867743185,0.00028926059582324605,0.00016899063977170533,5.791954260583745e-05,4.400092937048454e-05,3.780194270023377e-05,4.079926319914348e-05,3.781661551475843e-05,2.8613307930572973e-05,5.535299688049113e-05,3.1486938917827855e-05,6.466343111488536e-05,0.00017006499575500405,5.6645723421653694e-05,4.68819199283005e-05,4.828993954419599e-05,7.34628961646317e-05,0.0002604114371545256,3.8725534282143246e-05,4.59950610000651e-05,3.729593763118201e-05,7.013230570183327e-05,4.884006305040084e-05,5.8697778834654623e-05
orf8,47,0.0008146634242427463,0.0006355422066467268,0.002320222568588973,0.00022259141172636696,0.0006663239346621589,0.007442532109417884,0.0017568762020655426,0.0009614704503848156,0.0006845774074938718,0.0014031720047481433,0.0013223085033611762,0.002320222568588973,0,0.0010642795690568537,0.0013448219999290599,0.0017903729368025075,0.005802666193341919,0.0005447309454298866,0.0008534492081445057,0,0.0005004116771213697,0,0.0017660110175921916,0.0005286899811579308,0.005656753101504814,0.0017361391940963215,0.002846803038195974,0,0,0.004413500920452326,0.0014031720047481433,0.003089009580463004,0.003734913718775661,0.0015802654224924388,0.0016197904838098456,0.0014069109532424146,0.0011780904550710517,0.0005300776002899187,0.0006101875093751117,0.0017903729368025075,0.0013223085033611762,0.0009900756998798342,0.0009165744886759641,0.00518537043652353,0.0009712839428118072,0.0009614704503848156,0.0010642795690568537,0.0014690191787711038,0.006385145741440294,0.0023809300134261784,0.001565329205149707,0.0008533192885974612,0.0010793506597434998,0.0010761294473447273,0.0006609589944399598,0.0006663239346621589,0.0012869167388954062,0.002681086495961084,0.001028179260933387,0.0015117829103944846,0.005487995527628453,0.002431223566106507,0.0010208428831527067,0.011096730329970404,0.0025187635561181097,0.003646843114434063,0.0019400006991580224,0.0019584866483825574,0.003540395835648405,0.00494257577142643,0.002116834747710156,0.0008076445281984098,0.0015963080917610554,0.0005989327771004627,0.0010508118253291746,0.000875676500210827,0.0005930218945364843,0.0011916623153385146,0.0006639390987326098,0.0013455473823625191,0.004423193733620823,0.0022184752272687673,0.0009165744886759641,0.0014031720047481433,0.0013223085033611762,0.007442532109417884,0.0006379535606882621,0.0010761294473447273,0.001247553253167584,0.0015947328351562516,0.0010642795690568537,0.001207337889978057
orf9b,11,0.00025023676676990916,0.00020700652073854135,0.00024848131689944293,6.998467766630556e-05,0.00019392492197484144,0.0012649077085880767,0.0001964710708691197,0.00018323354426370153,0.00021382332018761316,0.00036347457235831235,0.0004278324730705527,0.00024848131689944293,0,0.0002584871971907526,0.0003992845971107637,0.0005148264622269136,0.0022311257381867947,0.0001316093495905162,0.0001593345181762922,0,0.0001095099748710991,0,0.00042322547994621656,0.0001515613011729688,0.0005019536830760655,0.0006901530415700138,0.0007564872661620625,0,0,0.001524808859187684,0.00036347457235831235,0.0009523357883553905,0.0006363427836654215,0.0003455626800503686,0.0003557751976914366,0.00039961839436707987,0.0003793200224646003,0.00010928990797997174,9.098277302040278e-05,0.0005148264622269136,0.0004278324730705527,0.00023540375548958335,0.00024124047489275117,0.00026177867292761733,0.00014863895145322852,0.00018323354426370153,0.0002584871971907526,0.0004932994474497925,0.0006550771110290022,0.0002849043365584981,0.00029641679752542084,0.00023510738867247132,0.0002919947276798768,0.0002400199025681197,0.00016418645185854554,0.00019392492197484144,0.0003749681338625135,0.0007256483129181061,0.0004068502254313773,0.0004763220628729042,0.0008055947664233869,0.0006564075942756318,0.00021870069804928526,0.0038210450817219906,0.000514949883904593,0.0010740897935190114,0.0006084380460701886,0.0006445115817518471,0.0009938293836181627,0.0016393952427603547,0.0005539175023279873,0.0002449641534696175,0.0003122725591346057,0.00015285225459203152,0.00020655069840433573,0.00020504927982019036,0.00015781035541685156,0.00029258248519892655,0.0001787999657474933,0.0004019923372599598,0.0011117702369430212,0.0002964171213261531,0.00024124047489275117,0.00036347457235831235,0.0004278324730705527,0.0012649077085880767,0.00018523310827039632,0.0002400199025681197,0.00020746579300584642,0.000367053186477518,0.0002584871971907526,0.0003016484281671386
orf9c,26,0.0005469410660748122,0.00038849479632514187,0.000488543227499582,0.00019363752570375763,0.0007418309354201467,0.0024878857946428207,0.0008938946172461295,0.000564044304852077,0.0006509817158406436,0.0005287015818437741,0.0007355918566042327,0.000488543227499582,0,0.0007259822954602437,0.000805069213015339,0.0019179063802953569,0.0030202492844575747,0.00022397825618725514,0.001168990209358654,0,0.0005730324646845585,0,0.0009538703910861025,0.0003152336161189744,0.0011727324456202778,0.0008650977232222128,0.0013910508928909227,0,0,0.0021484846617680527,0.0005287015818437741,0.0043979040333050595,0.00099349188139969,0.0011657599168389799,0.0006642582568490415,0.0007319802745472854,0.0008067280006720528,0.0002729678880633004,0.00027582485191475394,0.0019179063802953569,0.0007355918566042327,0.0006454445548448757,0.0005437816575639013,0.0006983813735913876,0.00032430568979392385,0.000564044304852077,0.0007259822954602437,0.0008046512445881267,0.007252996516925479,0.000968996619174115,0.0008394706968740288,0.00042829935336917495,0.0005791226282309286,0.0010676029694302637,0.0006918150081294177,0.0007418309354201467,0.0007322140988815892,0.001245167217586947,0.0005122353509987322,0.0008896769894660601,0.001569997889159249,0.0020015551354209057,0.0004543671018365122,0.005459522092709942,0.0008201059445617277,0.0016876061269931678,0.0010156958529289296,0.0021883292292260033,0.0014430247974802496,0.0025480303743262785,0.002558218096610979,0.0004416041632073664,0.000460506523589711,0.0004571686714959631,0.0005153085323256485,0.0005315247782719223,0.000336787377573996,0.0009164837513395533,0.0003714265136875693,0.0006109672380283745,0.001714013453168093,0.0012291397125221311,0.0005437816575639013,0.0005287015818437741,0.0007355918566042327,0.0024878857946428207,0.0006259628942911611,0.0010676029694302637,0.0004887121044015793,0.002505942910319331,0.0007259822954602437,0.0007851631414515353
